{"cameraMode":{"drawMode":0,"name":"Shaded","section":"Shading Mode"},"sceneLighting":false,"audioPlay":false,"sceneViewState":{"m_AlwaysRefresh":false,"showFog":true,"showSkybox":false,"showFlares":true,"showImageEffects":true,"showParticleSystems":true,"showVisualEffectGraphs":true,"m_FxEnabled":true},"in2DMode":false,"pivot":{"x":-12.906448364257813,"y":5.225817680358887,"z":7.189761161804199},"rotation":{"x":0.03469625115394592,"y":0.9653100967407227,"z":-0.17144225537776948,"w":0.19417835772037507},"size":2.2905755043029787,"orthographic":false}