{"cameraMode":{"drawMode":0,"name":"Shaded","section":"Shading Mode"},"sceneLighting":false,"audioPlay":false,"sceneViewState":{"m_AlwaysRefresh":false,"showFog":true,"showSkybox":false,"showFlares":true,"showImageEffects":true,"showParticleSystems":true,"showVisualEffectGraphs":true,"m_FxEnabled":true},"in2DMode":false,"pivot":{"x":-1.8310637474060059,"y":2.2845921516418459,"z":-0.3840697705745697},"rotation":{"x":0.008484023623168469,"y":0.940747857093811,"z":-0.3384038507938385,"w":0.023028206080198289},"size":0.8633005619049072,"orthographic":false}