{"cameraMode":{"drawMode":0,"name":"Shaded","section":"Shading Mode"},"sceneLighting":false,"audioPlay":false,"sceneViewState":{"m_AlwaysRefresh":false,"showFog":true,"showSkybox":false,"showFlares":true,"showImageEffects":true,"showParticleSystems":true,"showVisualEffectGraphs":true,"m_FxEnabled":true},"in2DMode":false,"pivot":{"x":0.2749063968658447,"y":2.4560656547546388,"z":-1.4908981323242188},"rotation":{"x":0.24443687498569489,"y":0.5975486636161804,"z":-0.19774311780929566,"w":0.7377050518989563},"size":1.5902230739593506,"orthographic":false}